{
  "version": "2.4.0",
  "zoom": 1.0,
  "gridOffset": [
    -6.8266925811767578,
    -0.18132196366786957
  ],
  "modules": [],
  "cables": []
}